"bandwidth","cpu_delay","distance_delay","ratio","batch_size"
"250000","0","8192","0.508410138248848","1"
"500000","0","1024","0.49803702430077945","1"
"250000","0","2048","0.49152300897563755","1"
"500000","0","4096","0.4869643561011318","1"
"250000","0","4096","0.45984869711403753","1"
"500000","0","2048","0.45292557599867395","1"
"250000","0","1024","0.4408685482393721","1"
"500000","0","8192","0.4378175392091893","1"
"500000","0","512","0.43257448125908965","10"
"250000","50","8192","0.4130174364434979","1"
"500000","50","8192","0.3885003885003885","1"
"1000000","50","8192","0.3849973863042342","1"
"250000","0","512","0.3791409616404712","10"
"2250000","50","8192","0.3711644627038131","1"
"500000","0","256","0.35674732554099114","10"
"1000000","100","8192","0.35449262405006704","1"
"2250000","100","8192","0.3517149615612064","1"
"2250000","50","4096","0.3464905772369788","1"
"500000","100","8192","0.33600118571216836","1"
"250000","100","8192","0.33440608543007605","1"
"1000000","50","4096","0.33434515436440365","1"
"1750000","150","8192","0.3311612364243943","1"
"250000","50","4096","0.32649446494464945","1"
"250000","150","8192","0.31629765273847177","1"
"500000","50","4096","0.3117093262724331","1"
"500000","150","8192","0.2997184964398079","1"
"1000000","150","8192","0.2918848167539267","1"
"2250000","150","8192","0.28693649226719314","1"
"1750000","200","8192","0.2853965900667161","1"
"1000000","200","8192","0.2848719366132301","1"
"1000000","50","2048","0.2793158494868871","1"
"2500000","200","8192","0.2752428074033352","1"
"2250000","200","8192","0.27072130539588357","1"
"2250000","50","2048","0.26713787322731186","1"
"500000","100","4096","0.26450157870996843","1"
"500000","200","8192","0.25710150171883484","1"
"250000","50","2048","0.2559771780474552","1"
"2250000","100","4096","0.2517426273458445","1"
"500000","50","2048","0.2512035607230448","1"
"250000","200","8192","0.24564240790655886","1"
"1000000","100","4096","0.24027254796485567","1"
"1250000","200","8192","0.23976186180768536","1"
"250000","100","4096","0.2295977783749888","1"
"1000000","250","8192","0.22883204441800514","1"
"500000","250","8192","0.22493008389932082","1"
"250000","250","8192","0.22248708780294002","1"
"2250000","250","8192","0.22217798128608401","1"
"250000","150","4096","0.22198112184007812","1"
"1250000","250","8192","0.2216867469879518","1"
"1750000","250","8192","0.220990099009901","1"
"2000000","250","8192","0.22078696343402227","1"
"2500000","250","8192","0.21751299480207917","1"
"250000","300","8192","0.2170995670995671","1"
"750000","250","8192","0.215748031496063","1"
"2250000","150","4096","0.2130952380952381","1"
"2500000","300","8192","0.21206859127414804","1"
"500000","150","4096","0.21173688736027516","1"
"1750000","300","8192","0.20917590780604478","1"
"500000","300","8192","0.206286836935167","1"
"1000000","150","4096","0.20524344569288389","1"
"1750000","150","4096","0.20523594053005817","1"
"1000000","300","8192","0.20342287694974004","1"
"1500000","350","8192","0.20277908619877533","1"
"2000000","300","8192","0.20159723721131018","1"
"1250000","300","8192","0.19926597582037997","1"
"2500000","350","8192","0.1988689915174364","1"
"1250000","350","8192","0.19506462984723855","1"
"2250000","300","8192","0.19337491933749193","1"
"250000","350","8192","0.19114219114219114","1"
"2250000","350","8192","0.19038686987104336","1"
"750000","300","8192","0.18904936408708772","1"
"2250000","400","8192","0.18699596774193547","1"
"2000000","350","8192","0.18391071843757265","1"
"1750000","350","8192","0.18347338935574228","1"
"750000","350","8192","0.18266978922716628","1"
"500000","400","8192","0.18257575757575759","1"
"500000","350","8192","0.1821786797294145","1"
"1250000","200","4096","0.18010484273589616","1"
"1500000","400","8192","0.1781305114638448","1"
"1750000","200","4096","0.17752139933010794","1"
"2000000","400","8192","0.1770780856423174","1"
"500000","50","1024","0.1767464976858323","1"
"1000000","200","4096","0.17644850456763858","1"
"1750000","400","8192","0.17615927419354838","1"
"500000","200","4096","0.17471378795420608","1"
"250000","200","4096","0.17468606241452195","1"
"1000000","350","8192","0.17385257301808066","1"
"2500000","400","8192","0.17372667675239536","1"
"1000000","400","8192","0.171875","1"
"2500000","200","4096","0.1709104459073407","1"
"750000","400","8192","0.17073170731707318","1"
"500000","100","2048","0.17066666666666666","1"
"250000","100","2048","0.16941585017983382","1"
"1250000","400","8192","0.16916541729135431","1"
"2250000","100","2048","0.1686396033467617","1"
"1250000","450","8192","0.16761133603238867","1"
"2000000","450","8192","0.1650981446625437","1"
"1000000","50","1024","0.16431345952278192","1"
"250000","400","8192","0.1633416458852868","1"
"2500000","450","8192","0.16232195646331632","1"
"1000000","100","2048","0.16172390406313583","1"
"2250000","200","4096","0.1614100185528757","1"
"1750000","450","8192","0.16029922522041143","1"
"250000","50","1024","0.16027595552681018","1"
"1500000","450","8192","0.15957161981258366","1"
"750000","450","8192","0.15912135012054648","1"
"500000","450","8192","0.15864479698843775","1"
"250000","250","4096","0.15596068936048996","1"
"2000000","250","4096","0.15581825950719272","1"
"2250000","250","4096","0.1552485400940037","1"
"2250000","450","8192","0.15516778523489932","1"
"750000","250","4096","0.1547196593328602","1"
"1000000","500","8192","0.1545532892846883","1"
"1500000","500","8192","0.1540880503144654","1"
"2000000","500","8192","0.15320494394941075","1"
"250000","450","8192","0.15149892933618844","1"
"2500000","250","4096","0.15047510991348745","1"
"1000000","450","8192","0.1492776886035313","1"
"1000000","250","4096","0.1490391459074733","1"
"1250000","500","8192","0.14872966029117898","1"
"1750000","500","8192","0.14860239589275528","1"
"750000","500","8192","0.14798973481608213","1"
"2500000","500","8192","0.14722698684962837","1"
"1750000","250","4096","0.14660428186587268","1"
"1250000","250","4096","0.14570097416349004","1"
"2250000","500","8192","0.1421666192777936","1"
"500000","250","4096","0.14067364845740163","1"
"250000","300","4096","0.13953488372093023","1"
"250000","500","8192","0.1394354148845167","1"
"500000","500","8192","0.1379800853485064","1"
"1250000","300","4096","0.1343710292249047","1"
"500000","300","4096","0.13334395411820935","1"
"2500000","300","4096","0.13002063819653914","1"
"250000","150","2048","0.1291881188118812","1"
"1000000","300","4096","0.12829830936956865","1"
"750000","300","4096","0.12720063441712925","1"
"1750000","150","2048","0.12652835844442692","1"
"2250000","300","4096","0.1264222503160556","1"
"1750000","300","4096","0.1259517766497462","1"
"1000000","150","2048","0.125945179584121","1"
"2250000","350","4096","0.12444680474420251","1"
"2000000","300","4096","0.12240696753760887","1"
"2250000","150","2048","0.12107376210344013","1"
"500000","150","2048","0.12081011068372714","1"
"1750000","350","4096","0.12042253521126761","1"
"2000000","350","4096","0.1190225035161744","1"
"1500000","350","4096","0.11694258541740049","1"
"1000000","350","4096","0.11655257152887484","1"
"250000","350","4096","0.11647577092511013","1"
"1250000","350","4096","0.11574318381706244","1"
"500000","350","4096","0.11372824749516611","1"
"750000","350","4096","0.11015460295151089","1"
"2250000","200","2048","0.10886903046026712","1"
"2500000","400","4096","0.10852713178294573","1"
"1000000","400","4096","0.10807669959325973","1"
"2500000","200","2048","0.10563786800076967","1"
"1000000","100","1024","0.10554570291904328","1"
"2500000","350","4096","0.10411580048831531","1"
"500000","200","2048","0.10389985556090515","1"
"500000","400","4096","0.10372802781533706","1"
"500000","50","512","0.10221497746667946","1"
"1000000","200","2048","0.10186430905246972","1"
"1500000","400","4096","0.10173410404624278","1"
"1750000","400","4096","0.10171450587555385","1"
"500000","100","1024","0.10079816469913493","1"
"1250000","400","4096","0.09978850221111325","1"
"1250000","200","2048","0.09931113662456946","1"
"2250000","400","4096","0.09928805079853761","1"
"250000","100","1024","0.09917079679756005","1"
"1750000","200","2048","0.09797748521274566","1"
"2250000","100","1024","0.09796619879690634","1"
"250000","200","2048","0.09785202863961814","1"
"1500000","450","4096","0.09669960058860626","1"
"1000000","50","512","0.09650816350852104","1"
"250000","50","512","0.09638640429338104","1"
"1000000","450","4096","0.09590766002098636","1"
"250000","400","4096","0.0956689124157844","1"
"1250000","450","4096","0.09505783385909569","1"
"2500000","500","4096","0.09380004575611989","1"
"2000000","400","4096","0.09349203301977346","1"
"250000","450","4096","0.09272078875603104","1"
"1750000","450","4096","0.09109991603694374","1"
"1250000","250","2048","0.08883105126174042","1"
"500000","450","4096","0.08872148985143335","1"
"2500000","450","4096","0.08814270724029381","1"
"2000000","450","4096","0.08726662471155863","1"
"750000","500","4096","0.08701594533029612","1"
"2250000","450","4096","0.0868657339736897","1"
"2000000","500","4096","0.08684750398905858","1"
"2250000","250","2048","0.08672606292996504","1"
"750000","450","4096","0.08629335562055997","1"
"750000","400","4096","0.08625954198473282","1"
"250000","500","4096","0.08624602814344076","1"
"500000","250","2048","0.08586257474895634","1"
"1000000","250","2048","0.08567241573667005","1"
"1750000","500","4096","0.08543512837991366","1"
"1500000","500","4096","0.08458390177353342","1"
"1250000","500","4096","0.08448784919373155","1"
"750000","250","2048","0.08443242024574456","1"
"250000","250","2048","0.08299457994579945","1"
"1750000","250","2048","0.08205590622182146","1"
"500000","500","4096","0.0814982973893303","1"
"2500000","250","2048","0.07736293306424487","1"
"2250000","500","4096","0.07687090210264526","1"
"1000000","500","4096","0.07643600180913614","1"
"750000","300","2048","0.07643229166666667","1"
"2000000","300","2048","0.07273671905442265","1"
"250000","300","2048","0.072265625","1"
"2250000","300","2048","0.07108512020792722","1"
"1250000","300","2048","0.07083549558899845","1"
"1000000","300","2048","0.07078957604045119","1"
"2500000","300","2048","0.06917994558880684","1"
"1750000","150","1024","0.06889878072382427","1"
"250000","150","1024","0.06863568797259743","1"
"1750000","300","2048","0.06764097258147957","1"
"500000","300","2048","0.06735617323852618","1"
"500000","150","1024","0.0658412329915522","1"
"1000000","150","1024","0.06520061728395062","1"
"2250000","150","1024","0.06404732814609992","1"
"1750000","350","2048","0.061637804520105664","1"
"250000","350","2048","0.06153393198881201","1"
"2250000","350","2048","0.06112576956904134","1"
"1500000","350","2048","0.061000585137507314","1"
"1000000","350","2048","0.06078804745862018","1"
"500000","350","2048","0.059323275230701626","1"
"750000","350","2048","0.05925491346435905","1"
"2500000","350","2048","0.0592538405267008","1"
"1250000","350","2048","0.05812417437252312","1"
"1000000","400","2048","0.057597637020019694","1"
"2000000","350","2048","0.05672823218997362","1"
"2000000","400","2048","0.056538839724680434","1"
"1000000","100","512","0.05527065527065527","1"
"1250000","400","2048","0.05512715340442986","1"
"1000000","200","1024","0.05478338616597578","1"
"2500000","200","1024","0.05458996328029376","1"
"250000","400","2048","0.054009819967266774","1"
"2250000","400","2048","0.053810925744193654","1"
"500000","200","1024","0.053553961525921095","1"
"2250000","200","1024","0.053351796041378186","1"
"250000","200","1024","0.05333333333333334","1"
"1750000","400","2048","0.05298446443172527","1"
"250000","100","512","0.052422299764667696","1"
"250000","50","256","0.05185592857579649","1"
"500000","50","256","0.051330451196492724","1"
"1250000","200","1024","0.05119426102551561","1"
"1750000","200","1024","0.050788233382090035","1"
"500000","100","512","0.050691431120483396","1"
"2500000","400","2048","0.04944516971279373","1"
"750000","400","2048","0.0489041543997383","1"
"2250000","100","512","0.04883777435814368","1"
"500000","400","2048","0.04747919725893294","1"
"1500000","450","2048","0.04659562940220336","1"
"2250000","450","2048","0.0461510726518839","1"
"2000000","450","2048","0.045987376014427414","1"
"1500000","400","2048","0.045291625936787226","1"
"1750000","450","2048","0.04448046101206555","1"
"1750000","250","1024","0.04302131421274924","1"
"250000","450","2048","0.04256854256854257","1"
"1250000","450","2048","0.04253785147801009","1"
"500000","250","1024","0.04230882497300481","1"
"500000","450","2048","0.04229661627069834","1"
"2500000","450","2048","0.0420805490337728","1"
"1500000","500","2048","0.04201347602061038","1"
"2250000","250","1024","0.041969726754472185","1"
"750000","450","2048","0.04193664506839453","1"
"1000000","450","2048","0.041801801801801805","1"
"1250000","250","1024","0.04163802415791024","1"
"750000","250","1024","0.04106090373280943","1"
"2500000","250","1024","0.04104074619538537","1"
"250000","250","1024","0.04078223270440252","1"
"1750000","500","2048","0.040134440490312374","1"
"1000000","250","1024","0.03979221797510536","1"
"1250000","500","2048","0.039541320680110716","1"
"2500000","500","2048","0.03868930122384524","1"
"2000000","500","2048","0.038149831982605256","1"
"500000","500","2048","0.03813475597707963","1"
"2250000","500","2048","0.037366548042704624","1"
"1000000","500","2048","0.036722606120434355","1"
"750000","500","2048","0.03648195622165253","1"
"1250000","300","1024","0.035023041474654376","1"
"500000","150","512","0.034680753330271014","1"
"2250000","150","512","0.0345263399781697","1"
"2250000","300","1024","0.034522572451218106","1"
"250000","500","2048","0.03448955459203784","1"
"2500000","300","1024","0.034308081970987794","1"
"1000000","300","1024","0.034212648312406405","1"
"250000","300","1024","0.034025374855824686","1"
"750000","300","1024","0.0339548802946593","1"
"1000000","150","512","0.03297523984603895","1"
"2000000","300","1024","0.03282275711159737","1"
"250000","150","512","0.032548278035642655","1"
"1750000","150","512","0.03239307418873982","1"
"500000","300","1024","0.03233229777931193","1"
"1750000","300","1024","0.030606374410309514","1"
"1250000","350","1024","0.029789487620812922","1"
"1000000","350","1024","0.028707500992194736","1"
"500000","350","1024","0.02868473231989425","1"
"250000","350","1024","0.028654430212597386","1"
"1500000","350","1024","0.027305104867431738","1"
"2000000","350","1024","0.02730150356106568","1"
"1750000","350","1024","0.02625676210581871","1"
"750000","350","1024","0.025201213880459164","1"
"500000","200","512","0.024484344858287578","1"
"2250000","350","1024","0.024393459915611815","1"
"500000","400","1024","0.02401193139448173","1"
"250000","50","128","0.023929657935742376","1"
"2500000","350","1024","0.023856596810333464","1"
"250000","400","1024","0.02356801909307876","1"
"250000","200","512","0.023509344408187482","1"
"500000","100","256","0.023364140480591496","1"
"1000000","200","512","0.023283405012605667","1"
"250000","100","256","0.023241182783760778","1"
"2250000","100","256","0.02289285846370058","1"
"1250000","400","1024","0.022788203753351208","1"
"500000","50","128","0.02254678736047093","1"
"1500000","400","1024","0.022486969471332836","1"
"2500000","400","1024","0.021871745276000595","1"
"2250000","200","512","0.02183729365608113","1"
"250000","0","32","0.02181325844950356","50"
"250000","0","64","0.021799284297859732","50"
"1000000","100","256","0.021702961511443044","1"
"500000","0","32","0.0216758625562066","50"
"500000","0","16","0.021652924204509715","50"
"1250000","200","512","0.021623222748815167","1"
"250000","0","128","0.021590572359873265","50"
"500000","0","64","0.021584799706459486","50"
"2500000","200","512","0.021560346743720826","1"
"250000","0","16","0.02152934472934473","50"
"2000000","400","1024","0.021470105859549723","1"
"750000","400","1024","0.021004022046774914","1"
"1750000","400","1024","0.020994639666468137","1"
"2250000","400","1024","0.0202350840648713","1"
"1000000","400","1024","0.020220041629497473","1"
"2500000","450","1024","0.019797038762269174","1"
"1750000","200","512","0.019770455386893742","1"
"1750000","450","1024","0.0196078431372549","1"
"1500000","450","1024","0.019109338650714524","1"
"1000000","450","1024","0.018115339870367293","1"
"1250000","450","1024","0.017940199335548173","1"
"2250000","450","1024","0.017765233272455588","1"
"1250000","250","512","0.017665270442542343","1"
"250000","0","256","0.017314951583784672","50"
"1750000","250","512","0.01673487949067758","1"
"500000","450","1024","0.01659475605708596","1"
"2500000","250","512","0.016487520495536527","1"
"1000000","500","1024","0.01645940014630578","1"
"750000","450","1024","0.015930965814802522","1"
"1250000","500","1024","0.0157393850658858","1"
"750000","500","1024","0.01572787125091441","1"
"2500000","500","1024","0.015556368960468522","1"
"250000","450","1024","0.015433123133089944","1"
"500000","500","1024","0.015370539798719121","1"
"1000000","250","512","0.015187340851218626","1"
"1750000","500","1024","0.014990859232175503","1"
"250000","500","1024","0.014643968515467691","1"
"2000000","500","1024","0.014633254069873787","1"
"2250000","500","1024","0.014622555291537196","1"
"500000","250","512","0.014346681194951421","1"
"250000","250","512","0.013905298554939561","1"
"2250000","250","512","0.013718542745525574","1"
"2000000","450","1024","0.013412816691505217","1"
"1500000","500","1024","0.012972775443084231","1"
"1500000","400","512","0.012767768477798268","1"
"750000","400","512","0.0125","1"
"250000","150","256","0.012482513720004305","1"
"500000","300","512","0.01207416990081932","1"
"2250000","150","256","0.011994406196213425","1"
"1750000","400","512","0.011928429423459244","1"
"2500000","300","512","0.011866235167206042","1"
"1750000","150","256","0.011830501183050119","1"
"2500000","400","512","0.011646073000994177","1"
"1000000","300","512","0.011542610571736785","1"
"2000000","300","512","0.011443376875742201","1"
"1000000","400","512","0.011347517730496455","1"
"750000","300","512","0.011318314110164924","1"
"250000","300","512","0.01121535641108595","1"
"500000","400","512","0.011212035197275049","1"
"500000","150","256","0.011167785234899329","1"
"1250000","400","512","0.011065399347425167","1"
"1000000","150","256","0.010847384813661261","1"
"1750000","300","512","0.010677308024158758","1"
"2250000","400","512","0.010641316685584563","1"
"250000","400","512","0.010511363636363636","1"
"2250000","300","512","0.00980392156862745","1"
"2000000","400","512","0.009652235628105039","1"
"1250000","300","512","0.00914962325080732","1"
"1500000","350","512","0.009121579407722104","1"
"250000","350","512","0.008989886377824947","1"
"2500000","350","512","0.008612081877184223","1"
"1250000","350","512","0.008240729179672867","1"
"1000000","200","256","0.008192090395480226","1"
"1750000","200","256","0.008115737473535639","1"
"250000","200","256","0.008054260279779568","1"
"250000","100","128","0.0079644770228362","1"
"500000","350","512","0.007859281437125748","1"
"2250000","350","512","0.007856341189674524","1"
"2250000","200","256","0.007699371335734972","1"
"1000000","350","512","0.007111665626949469","1"
"500000","200","256","0.006986098369910381","1"
"1250000","200","256","0.0067753546474698285","1"
"2250000","100","128","0.00671967351533915","1"
"750000","350","512","0.006482982171799027","1"
"500000","0","128","0.006379327241938093","40"
"1000000","100","128","0.0062656200499841596","1"
"250000","50","64","0.006149279050042409","1"
"2000000","350","512","0.005735660847880299","1"
"500000","100","128","0.005667617136621255","1"
"1750000","350","512","0.005606777971592325","1"
"500000","50","64","0.005389126644476145","1"
"1750000","250","256","0.004987749387469373","1"
"250000","500","512","0.004736011226100684","1"
"2000000","300","256","0.0039637008448941274","1"
"500000","300","256","0.0039603960396039604","1"
"2250000","250","256","0.0034968091616400035","1"
"2500000","300","256","0.0032311861580154263","1"
"1000000","300","256","0.0032298395499062303","1"
"2500000","250","256","0.003147128245476003","1"
"1000000","250","256","0.003060778312199388","1"
"1250000","300","256","0.0030220925385577324","1"
"500000","250","256","0.0028846153846153848","1"
"2250000","300","256","0.002815432742440042","1"
"750000","300","256","0.0026044379622877385","1"
"1250000","250","256","0.002449479485609308","1"
"250000","300","256","0.002187955824130027","1"
"1750000","300","256","0.0021856786011656953","1"
"250000","150","128","0.0018698384667324573","1"
"250000","250","256","0.0013105014852350166","1"
"1000000","500","512","0.001048951048951049","1"
"1000000","150","128","0.0009860397529710934","1"
"1500000","450","512","0.0009525321479599936","1"
"750000","500","512","0.0008736676568233444","1"
"1500000","500","512","0.0008736676568233444","1"
"2250000","500","512","0.0006988120195667365","1"
"500000","450","512","0.0006351222610352493","1"
"1750000","500","512","0.0005246589716684155","1"
"1250000","500","512","0.0005243838489774515","1"
"2000000","450","512","0.0004760393525864805","1"
"2500000","500","512","0.00017461148943600488","1"
"500000","500","512","0.0","1"
"250000","450","512","-0.00015865460891638903","1"
"1750000","450","512","-0.0006349206349206349","1"
"500000","150","128","-0.0010378827192527244","1"
"2250000","150","128","-0.0010378827192527244","1"
"1750000","150","128","-0.0012469475762456486","1"
"750000","450","512","-0.0012694382735639479","1"
"2250000","450","512","-0.0012698412698412698","1"
"1000000","450","512","-0.0014285714285714286","1"
"2500000","450","512","-0.0015870496746548167","1"
"2000000","500","512","-0.0017497812773403325","1"
"500000","100","64","-0.001855160093445101","1"
"1250000","450","512","-0.001904157410345922","1"
"250000","100","64","-0.0019925109072795356","1"
"2250000","100","64","-0.0031257513825438807","1"
"500000","400","256","-0.0031922276197085355","1"
"1000000","100","64","-0.0035717965449737266","1"
"2000000","350","128","-0.003801377999524828","1"
"250000","200","128","-0.003850914592215651","1"
"1500000","400","256","-0.004021633615309943","1"
"500000","200","128","-0.004127115146512587","1"
"2500000","400","256","-0.004162619675315666","1"
"1750000","400","256","-0.004163775156141568","1"
"750000","400","256","-0.00430435990002777","1"
"1000000","350","128","-0.0043958655102768205","1"
"1250000","350","128","-0.00463403041825095","1"
"1250000","200","128","-0.004882073849962181","1"
"1750000","350","128","-0.004986346907277692","1"
"1000000","400","256","-0.004996530187369882","1"
"250000","50","32","-0.005381983252231029","1"
"2000000","400","256","-0.005412156536219817","1"
"250000","400","256","-0.005413659078289839","1"
"1750000","200","128","-0.0054306729909947065","1"
"2250000","400","256","-0.005549389567147614","1"
"1000000","350","256","-0.005555555555555556","1"
"2000000","350","256","-0.005555555555555556","1"
"2500000","450","128","-0.005555555555555556","1"
"1000000","200","128","-0.0057072130922093105","1"
"500000","350","128","-0.005707491082045184","1"
"2250000","400","128","-0.005826558265582656","1"
"1250000","400","256","-0.005829285218598196","1"
"2250000","200","128","-0.0060501890684083875","1"
"500000","300","128","-0.006068710141946101","1"
"250000","350","128","-0.006177973149578234","1"
"1500000","400","128","-0.006233062330623307","1"
"500000","350","256","-0.0064017393405000605","1"
"2500000","350","256","-0.006522526875226476","1"
"750000","400","128","-0.006639566395663957","1"
"250000","300","128","-0.006786632390745501","1"
"750000","450","256","-0.006790123456790123","1"
"1500000","350","256","-0.006885721188692921","1"
"250000","450","256","-0.006944444444444444","1"
"750000","450","128","-0.006944444444444444","1"
"500000","450","256","-0.0070987654320987656","1"
"2500000","350","128","-0.007116593523899893","1"
"750000","350","128","-0.0071301247771836","1"
"2250000","450","256","-0.007253086419753086","1"
"1250000","350","256","-0.0073689296931626","1"
"2000000","450","256","-0.007561728395061728","1"
"250000","350","256","-0.007611453425154041","1"
"1750000","500","256","-0.007803017166637767","1"
"1500000","500","256","-0.00781114389862871","1"
"1000000","450","256","-0.00787037037037037","1"
"1750000","450","256","-0.00787037037037037","1"
"500000","50","32","-0.007920417840698234","1"
"1500000","450","256","-0.008024691358024692","1"
"2500000","250","64","-0.008029752345532923","1"
"250000","150","64","-0.008124680633622892","1"
"2250000","500","256","-0.008152645273200346","1"
"500000","500","256","-0.008327550312283136","1"
"1250000","450","256","-0.008487654320987654","1"
"1750000","350","256","-0.00857487922705314","1"
"500000","150","64","-0.00857930752732101","1"
"1750000","150","64","-0.008631697226620359","1"
"2500000","450","256","-0.008641975308641974","1"
"2250000","350","128","-0.008670863522983727","1"
"1500000","350","128","-0.008786511517454286","1"
"2000000","500","256","-0.008852629751779206","1"
"1500000","500","128","-0.008922558922558922","1"
"250000","50","16","-0.008922967310726221","1"
"1000000","150","64","-0.008933129147524248","1"
"250000","500","256","-0.009019947961838682","1"
"1250000","500","256","-0.009191814082552896","1"
"2000000","400","128","-0.00921409214092141","1"
"1000000","450","128","-0.009259259259259259","1"
"500000","250","64","-0.009294465568229826","1"
"500000","400","128","-0.00934959349593496","1"
"1750000","250","64","-0.009467455621301775","1"
"1000000","500","256","-0.00953371468192061","1"
"750000","500","256","-0.009537020981446159","1"
"500000","450","128","-0.009567901234567902","1"
"1000000","250","128","-0.009658119658119657","1"
"250000","250","128","-0.009659770901008719","1"
"2250000","150","64","-0.009801919542577088","1"
"250000","250","64","-0.010141130736077072","1"
"1000000","250","64","-0.01047562727042325","1"
"1000000","300","128","-0.01048951048951049","1"
"1750000","250","128","-0.0105982905982906","1"
"250000","200","64","-0.010636856368563685","1"
"2250000","350","256","-0.010750090590651044","1"
"750000","350","256","-0.010752688172043012","1"
"750000","500","128","-0.010774410774410775","1"
"250000","450","128","-0.010956790123456791","1"
"2250000","250","128","-0.011025641025641025","1"
"250000","500","128","-0.011111111111111112","1"
"1750000","300","128","-0.01120937885643768","1"
"500000","250","128","-0.011367521367521368","1"
"2500000","250","128","-0.011367521367521368","1"
"1750000","400","128","-0.011382113821138212","1"
"2000000","300","128","-0.01141388174807198","1"
"2250000","450","128","-0.011574074074074073","1"
"750000","300","128","-0.011620732208967503","1"
"1250000","250","64","-0.01165146909827761","1"
"1750000","200","64","-0.011653116531165311","1"
"2500000","300","128","-0.011719954765086872","1"
"1250000","250","128","-0.011794871794871795","1"
"500000","200","64","-0.011991869918699187","1"
"250000","400","128","-0.012195121951219513","1"
"1250000","300","128","-0.012240279777823493","1"
"1000000","400","128","-0.012466124661246613","1"
"2250000","300","128","-0.012539829376092096","1"
"1000000","300","64","-0.012626262626262626","1"
"2250000","500","128","-0.012626262626262626","1"
"1000000","200","64","-0.012669376693766938","1"
"2500000","500","128","-0.012794612794612794","1"
"500000","300","64","-0.01292929292929293","1"
"2500000","500","256","-0.012998266897746967","1"
"250000","300","64","-0.013030303030303031","1"
"750000","300","64","-0.013232323232323233","1"
"500000","500","128","-0.0132996632996633","1"
"1250000","400","128","-0.013414634146341463","1"
"2000000","450","128","-0.013425925925925926","1"
"1750000","450","128","-0.013580246913580247","1"
"250000","400","64","-0.013685636856368564","1"
"1000000","400","64","-0.013685636856368564","1"
"2250000","200","64","-0.013685636856368564","1"
"1000000","350","64","-0.013711583924349883","1"
"250000","350","64","-0.013829787234042552","1"
"1250000","300","64","-0.013838383838383839","1"
"2500000","300","64","-0.013939393939393939","1"
"750000","350","64","-0.014184397163120567","1"
"500000","50","16","-0.014246261619291392","1"
"1000000","500","64","-0.01430976430976431","1"
"500000","500","64","-0.014478114478114479","1"
"500000","400","64","-0.014498644986449864","1"
"2500000","400","128","-0.014498644986449864","1"
"1500000","450","128","-0.014506172839506172","1"
"500000","350","64","-0.014657210401891253","1"
"2250000","250","64","-0.014771672153287752","1"
"1250000","500","128","-0.014814814814814815","1"
"250000","100","16","-0.014959491713450096","1"
"750000","400","64","-0.015176151761517615","1"
"250000","100","32","-0.015210027100271003","1"
"250000","150","16","-0.015252525252525252","1"
"1250000","450","128","-0.015277777777777777","1"
"250000","500","64","-0.01531986531986532","1"
"1250000","350","64","-0.015366430260047281","1"
"1500000","350","64","-0.015484633569739953","1"
"1750000","350","64","-0.015484633569739953","1"
"1500000","400","64","-0.015718157181571817","1"
"2250000","300","64","-0.01575757575757576","1"
"2500000","350","64","-0.015839243498817965","1"
"2000000","400","64","-0.015989159891598916","1"
"1000000","500","128","-0.015993265993265993","1"
"250000","200","16","-0.016198125836680052","1"
"250000","450","64","-0.016317733990147784","1"
"2000000","300","64","-0.016464646464646463","1"
"500000","400","16","-0.016666666666666666","1"
"1750000","500","64","-0.016835016835016835","1"
"1750000","500","128","-0.016835016835016835","1"
"250000","150","32","-0.01691919191919192","1"
"2000000","500","128","-0.017003367003367003","1"
"2250000","400","64","-0.01707317073170732","1"
"1000000","100","32","-0.017106466583110328","1"
"1750000","300","64","-0.017272727272727273","1"
"2000000","500","64","-0.01734006734006734","1"
"500000","450","64","-0.017371252882398155","1"
"500000","200","16","-0.01746987951807229","1"
"250000","200","32","-0.01747849061716686","1"
"1250000","400","64","-0.017615176151761516","1"
"2250000","100","32","-0.017646660344126812","1"
"500000","250","16","-0.017845117845117844","1"
"750000","500","64","-0.017845117845117844","1"
"500000","100","32","-0.01785230352303523","1"
"250000","250","16","-0.0180976430976431","1"
"500000","150","16","-0.018434343434343435","1"
"2000000","350","64","-0.018557919621749408","1"
"2500000","400","64","-0.01883468834688347","1"
"1500000","500","64","-0.019023569023569022","1"
"250000","250","32","-0.019107744107744108","1"
"250000","300","16","-0.01919191919191919","1"
"2500000","500","64","-0.01919191919191919","1"
"2250000","500","64","-0.01936026936026936","1"
"1750000","400","64","-0.01937669376693767","1"
"2250000","350","64","-0.01950354609929078","1"
"250000","350","32","-0.019739952718676124","1"
"250000","350","16","-0.02009456264775414","1"
"500000","150","32","-0.020202020202020204","1"
"1250000","500","64","-0.020202020202020204","1"
"500000","100","16","-0.020219293833618347","1"
"500000","200","32","-0.020995597697257028","1"
"750000","300","16","-0.021111111111111112","1"
"500000","300","32","-0.021616161616161617","1"
"250000","400","16","-0.02168021680216802","1"
"1000000","150","16","-0.02181818181818182","1"
"250000","400","32","-0.02195121951219512","1"
"1000000","200","32","-0.02207774617364215","1"
"500000","300","16","-0.02212121212121212","1"
"1000000","150","32","-0.022222222222222223","1"
"250000","500","32","-0.02239057239057239","1"
"1000000","100","16","-0.022757697456492636","1"
"250000","300","32","-0.02282828282828283","1"
"750000","450","64","-0.02284225049823701","1"
"500000","400","32","-0.023170731707317073","1"
"1000000","200","16","-0.023427041499330656","1"
"750000","350","16","-0.023522458628841607","1"
"1000000","450","64","-0.02373296585515235","1"
"1750000","200","32","-0.023903033586132178","1"
"750000","500","16","-0.023905723905723906","1"
"1000000","250","16","-0.023905723905723906","1"
"1750000","150","32","-0.023989898989898988","1"
"750000","400","32","-0.024119241192411923","1"
"250000","500","16","-0.02441077441077441","1"
"750000","300","32","-0.024747474747474747","1"
"500000","350","16","-0.024940898345153666","1"
"500000","250","32","-0.025","1"
"1750000","150","16","-0.02515151515151515","1"
"2250000","100","16","-0.025568942436412317","1"
"500000","500","16","-0.02558922558922559","1"
"750000","400","16","-0.025745257452574527","1"
"1250000","250","32","-0.026094276094276093","1"
"500000","350","32","-0.02624113475177305","1"
"2250000","150","16","-0.026565656565656567","1"
"1250000","250","16","-0.0265993265993266","1"
"1000000","300","16","-0.02666666666666667","1"
"1250000","300","16","-0.02666666666666667","1"
"1250000","350","16","-0.026713947990543736","1"
"2250000","250","32","-0.026851851851851852","1"
"1750000","250","32","-0.02727272727272727","1"
"500000","500","32","-0.02744107744107744","1"
"1000000","400","16","-0.027777777777777776","1"
"1000000","300","32","-0.02808080808080808","1"
"1750000","200","16","-0.02817938420348059","1"
"2250000","150","32","-0.028383838383838383","1"
"750000","500","32","-0.028451178451178453","1"
"1500000","450","64","-0.02869790871622653","1"
"2250000","200","16","-0.028781793842034806","1"
"1250000","300","32","-0.02878787878787879","1"
"1000000","350","32","-0.029196217494089835","1"
"1000000","250","32","-0.029545454545454545","1"
"750000","350","32","-0.02966903073286052","1"
"1500000","350","32","-0.02966903073286052","1"
"1250000","450","64","-0.030515715593530668","1"
"1000000","500","16","-0.031313131313131314","1"
"2500000","250","32","-0.031397306397306396","1"
"1250000","350","32","-0.03144208037825059","1"
"2500000","450","64","-0.031478102189781025","1"
"1750000","250","16","-0.03156565656565657","1"
"1000000","350","16","-0.03167848699763593","1"
"1250000","500","32","-0.031818181818181815","1"
"2500000","250","16","-0.031902356902356904","1"
"2250000","350","32","-0.031914893617021274","1"
"2500000","300","32","-0.03191919191919192","1"
"1500000","400","32","-0.03197831978319783","1"
"2250000","350","16","-0.032033096926713946","1"
"2000000","300","16","-0.03212121212121212","1"
"1750000","450","64","-0.03234172387490465","1"
"1000000","400","32","-0.03238482384823848","1"
"1250000","400","32","-0.032520325203252036","1"
"1250000","400","16","-0.032791327913279135","1"
"2500000","300","16","-0.032929292929292926","1"
"2000000","350","16","-0.03309692671394799","1"
"2500000","350","16","-0.03309692671394799","1"
"2500000","350","32","-0.03309692671394799","1"
"2250000","450","64","-0.03344990117074654","1"
"1250000","500","16","-0.033501683501683505","1"
"2000000","450","64","-0.03351614868982328","1"
"1750000","300","16","-0.03363636363636364","1"
"2250000","250","16","-0.03367003367003367","1"
"1750000","300","32","-0.03393939393939394","1"
"1500000","400","16","-0.034417344173441736","1"
"2000000","400","16","-0.034417344173441736","1"
"1750000","350","16","-0.03486997635933806","1"
"2250000","200","32","-0.03501998238840344","1"
"2250000","300","16","-0.03515151515151515","1"
"1000000","500","32","-0.03535353535353535","1"
"2250000","300","32","-0.03585858585858586","1"
"2500000","400","32","-0.03590785907859079","1"
"2000000","300","32","-0.03696969696969697","1"
"2250000","400","16","-0.03834688346883469","1"
"2000000","500","16","-0.03855218855218855","1"
"2000000","500","32","-0.03888888888888889","1"
"2000000","350","32","-0.03912529550827423","1"
"1750000","350","32","-0.03983451536643026","1"
"2500000","400","16","-0.03983739837398374","1"
"1750000","400","16","-0.04024390243902439","1"
"2000000","400","32","-0.04024390243902439","1"
"2250000","400","32","-0.04037940379403794","1"
"1500000","500","32","-0.04090909090909091","1"
"1500000","500","16","-0.04141414141414142","1"
"1750000","500","16","-0.041750841750841754","1"
"1750000","500","32","-0.042255892255892255","1"
"1750000","400","32","-0.04254742547425474","1"
"250000","450","16","-0.043243243243243246","1"
"2250000","500","16","-0.04393939393939394","1"
"2500000","500","16","-0.044444444444444446","1"
"500000","450","16","-0.045195195195195194","1"
"2500000","500","32","-0.046464646464646465","1"
"2250000","500","32","-0.04663299663299663","1"
"500000","450","32","-0.0478978978978979","1"
"250000","450","32","-0.0481981981981982","1"
"1000000","450","16","-0.0484984984984985","1"
"1500000","450","16","-0.0484984984984985","1"
"750000","450","16","-0.048948948948948946","1"
"1250000","450","16","-0.0506006006006006","1"
"2000000","450","16","-0.0509009009009009","1"
"2250000","450","16","-0.0557057057057057","1"
"2500000","450","16","-0.05675675675675676","1"
"750000","450","32","-0.057057057057057055","1"
"1750000","450","16","-0.057207207207207206","1"
"1000000","450","32","-0.05960960960960961","1"
"1500000","450","32","-0.06126126126126126","1"
"1250000","450","32","-0.06636636636636636","1"
"1750000","450","32","-0.06651651651651652","1"
"2000000","450","32","-0.06696696696696697","1"
"2500000","450","32","-0.06726726726726727","1"
"2250000","450","32","-0.07327327327327328","1"
